"X","RecordType","Country","Start_year","End_year","Area_type","AreaCode","SamplingSchemeType","SamplingScheme","SamplingProtocol","TargetPopulation","Participation","PrimarySamplingUnit","ExclusionFlag","ExclusionCriteria","SizesIncluded","MonitoringMethod","PartObserved","ImportanceBirds","ImportanceMammals","ImportancePETfish","ImportanceElasm","ImportanceRept","EndUser","Comments"
1,"D4","CY",2017,2018,"GFCM_GSAs","25","NatRouCF","CY-AtSea-OTB-DEF","All","CY-AtSea-OTB-DEF-GSA25","N","Vessel","N",NA,NA,"SO","SoPrDr",0,0,2,1,0,"GFCM~ICES WGBYC",NA
2,"D4","CY",2019,2019,"GFCM_GSAs","25","NatPilIB","CY-AtSea-OTB-DEF","All","CY-AtSea-OTB-DEF-GSA25","N","Vessel","N",NA,NA,"SO","SoPrDr",0,0,2,1,0,"GFCM~ICES WGBYC",NA
3,"D4","CY",2020,2025,"GFCM_GSAs","25","NatRouCF","CY-AtSea-OTB-DEF","All","CY-AtSea-OTB-DEF-GSA25","N","Vessel","N",NA,NA,"SO","SoPrDr",0,0,2,1,0,"GFCM~ICES WGBYC",NA
4,"D4","CY",2017,2025,"GFCM_GSAs","25","NatRouCF","CY-AtSea-LLDALB","All","CY-AtSea-LLDALB-GSA25","N","Vessel","Y","Small vessel size","VL1518~VL1824","SO","SoPrDrSl",0,0,0,1,1,"GFCM~ICES WGBYC~Other","Other EndUser: ICCAT"
5,"D4","CY",2017,2025,"GFCM_GSAs","25","NatRouCF","CY-AtSea-LLDSWO","All","CY-AtSea-LLDSWO-GSA25","N","Vessel","Y","Small vessel size","VL1518~VL1824","SO","SoPrDrSl",0,0,0,1,0,"GFCM~ICES WGBYC~Other","Other EndUser: ICCAT"
6,"D4","CY",2023,2024,"GFCM_GSAs","25","NatPilCF","CY-AtSea-PG-DEF","All","CY-AtSea-PG-DEF-GSA25","N","Vessel","Y","Small vessel size","VL0612~VL1218","SO","SoPrDrSl",0,0,2,2,1,"GFCM~ICES WGBYC",NA
7,"D4","CY",2017,2025,"GFCM_GSAs","25","NatRouCF","CY-OnShore-PG-DEF","All","CY-OnShore-PG-DEF-GSA25","N","LandingSitexDay","N",NA,NA,"PO","SoDr",0,0,2,2,1,"GFCM~ICES WGBYC",NA
8,"D4","GR",2018,2018,"GFCM_GSAs","22","NatPilCF","GR-SeaComTripallsp","All","OTB_DEF_>=40_0_0","Y","Trip","N",NA,NA,"SO","SoPrDr",0,0,1,2,0,"ICES WGBYC, GFCM, EU Commission, MSFD",NA
9,"D4","GR",2018,2018,"GFCM_GSAs","23","NatPilCF","GR-SeaComTripallsp","All","OTB_DEF_>=40_0_0","Y","Trip","N",NA,NA,"SO","SoPrDr",0,0,0,1,0,"ICES WGBYC, GFCM, EU Commission, MSFD",NA
10,"D4","GR",2018,2018,"GFCM_GSAs","20","NatPilCF","GR-SeaComTripallsp","All","OTB_DEF_>=40_0_0","Y","Trip","N",NA,NA,"SO","SoPrDr",0,0,1,1,1,"ICES WGBYC, GFCM, EU Commission, MSFD",NA
11,"D4","GR",2019,2019,"GFCM_GSAs","22","NatPilCF","GR-SeaComTripallsp","All","LLS_DEF_0_0_0","Y","Trip","N",NA,NA,"SO","SoPrDr",0,0,1,1,0,"ICES WGBYC, GFCM, EU Commission, MSFD",NA
12,"D4","GR",2019,2019,"GFCM_GSAs","23","NatPilCF","GR-SeaComTripallsp","All","LLS_DEF_0_0_0","Y","Trip","N",NA,NA,"SO","SoPrDr",0,0,1,0,0,"ICES WGBYC, GFCM, EU Commission, MSFD",NA
13,"D4","GR",2019,2019,"GFCM_GSAs","20","NatPilCF","GR-SeaComTripallsp","All","LLS_DEF_0_0_0","Y","Trip","N",NA,NA,"SO","SoPrDr",0,0,1,1,0,"ICES WGBYC, GFCM, EU Commission, MSFD",NA
14,"D4","GR",2020,2020,"GFCM_GSAs","22","NatPilCF","GR-SeaComTripallsp","All","GNS_DEF_>=16_0_0","Y","Trip","N",NA,NA,"SO","SoPrDr",0,0,1,1,0,"ICES WGBYC, GFCM, EU Commission, MSFD",NA
15,"D4","GR",2020,2020,"GFCM_GSAs","23","NatPilCF","GR-SeaComTripallsp","All","GNS_DEF_>=16_0_0","Y","Trip","N",NA,NA,"SO","SoPrDr",0,0,1,1,0,"ICES WGBYC, GFCM, EU Commission, MSFD",NA
16,"D4","GR",2020,2020,"GFCM_GSAs","20","NatPilCF","GR-SeaComTripallsp","All","GNS_DEF_>=16_0_0","Y","Trip","N",NA,NA,"SO","SoPrDr",0,0,1,1,0,"ICES WGBYC, GFCM, EU Commission, MSFD",NA
17,"D4","GR",2020,2020,"GFCM_GSAs","22","NatPilCF","GR-SeaComTripallsp","All","GTR_DEF_>=16_0_0","Y","Trip","N",NA,NA,"SO","SoPrDr",1,0,2,1,0,"ICES WGBYC, GFCM, EU Commission, MSFD",NA
18,"D4","GR",2020,2020,"GFCM_GSAs","23","NatPilCF","GR-SeaComTripallsp","All","GTR_DEF_>=16_0_0","Y","Trip","N",NA,NA,"SO","SoPrDr",0,0,1,0,0,"ICES WGBYC, GFCM, EU Commission, MSFD",NA
19,"D4","GR",2020,2020,"GFCM_GSAs","20","NatPilCF","GR-SeaComTripallsp","All","GTR_DEF_>=16_0_0","Y","Trip","N",NA,NA,"SO","SoPrDr",0,0,2,1,0,"ICES WGBYC, GFCM, EU Commission, MSFD",NA
20,"D4","GR",2021,2021,"GFCM_GSAs","22","NatPilCF","GR-SeaComTripallsp","All","OTB_DEF_>=40_0_0","Y","Trip","N",NA,NA,"SO","SoPrDr",0,0,1,2,1,"ICES WGBYC, GFCM, EU Commission, MSFD",NA
21,"D4","GR",2021,2021,"GFCM_GSAs","23","NatPilCF","GR-SeaComTripallsp","All","OTB_DEF_>=40_0_0","Y","Trip","N",NA,NA,"SO","SoPrDr",0,0,1,1,0,"ICES WGBYC, GFCM, EU Commission, MSFD",NA
22,"D4","GR",2021,2021,"GFCM_GSAs","20","NatPilCF","GR-SeaComTripallsp","All","OTB_DEF_>=40_0_0","Y","Trip","N",NA,NA,"SO","SoPrDr",0,0,2,2,0,"ICES WGBYC, GFCM, EU Commission, MSFD",NA
23,"D4","GR",2021,2021,"GFCM_GSAs","22","NatPilCF","GR-SeaComTripallsp","All","LLS_DEF_0_0_0","Y","Trip","N",NA,NA,"SO","SoPrDr",0,0,1,1,0,"ICES WGBYC, GFCM, EU Commission, MSFD",NA
24,"D4","GR",2021,2021,"GFCM_GSAs","23","NatPilCF","GR-SeaComTripallsp","All","LLS_DEF_0_0_0","Y","Trip","N",NA,NA,"SO","SoPrDr",0,0,1,1,0,"ICES WGBYC, GFCM, EU Commission, MSFD",NA
25,"D4","GR",2021,2021,"GFCM_GSAs","20","NatPilCF","GR-SeaComTripallsp","All","LLS_DEF_0_0_0","Y","Trip","N",NA,NA,"SO","SoPrDr",0,0,1,1,0,"ICES WGBYC, GFCM, EU Commission, MSFD",NA
26,"D4","GR",2021,2021,"GFCM_GSAs","22","NatPilCF","GR-SeaComTripallsp","All","GNS_DEF_>=16_0_0","Y","Trip","N",NA,NA,"SO","SoPrDr",0,0,1,1,0,"ICES WGBYC, GFCM, EU Commission, MSFD",NA
27,"D4","GR",2021,2021,"GFCM_GSAs","23","NatPilCF","GR-SeaComTripallsp","All","GNS_DEF_>=16_0_0","Y","Trip","N",NA,NA,"SO","SoPrDr",0,0,1,1,0,"ICES WGBYC, GFCM, EU Commission, MSFD",NA
28,"D4","GR",2021,2021,"GFCM_GSAs","20","NatPilCF","GR-SeaComTripallsp","All","GNS_DEF_>=16_0_0","Y","Trip","N",NA,NA,"SO","SoPrDr",0,0,1,1,0,"ICES WGBYC, GFCM, EU Commission, MSFD",NA
29,"D4","GR",2021,2021,"GFCM_GSAs","22","NatPilCF","GR-SeaComTripallsp","All","GTR_DEF_>=16_0_0","Y","Trip","N",NA,NA,"SO","SoPrDr",0,0,1,1,0,"ICES WGBYC, GFCM, EU Commission, MSFD",NA
30,"D4","GR",2021,2021,"GFCM_GSAs","23","NatPilCF","GR-SeaComTripallsp","All","GTR_DEF_>=16_0_0","Y","Trip","N",NA,NA,"SO","SoPrDr",0,0,1,0,0,"ICES WGBYC, GFCM, EU Commission, MSFD",NA
31,"D4","GR",2021,2021,"GFCM_GSAs","20","NatPilCF","GR-SeaComTripallsp","All","GTR_DEF_>=16_0_0","Y","Trip","N",NA,NA,"SO","SoPrDr",0,0,2,1,0,"ICES WGBYC, GFCM, EU Commission, MSFD",NA
32,"D4","GR",2022,2022,"GFCM_GSAs","22","RegRouCF","GR-SeaComTripallsp","All","OTB_DEF_>=40_0_0","Y","Trip","N",NA,NA,"SO","SoPrDr",0,0,2,2,2,"ICES WGBYC, GFCM, EU Commission, MSFD",NA
33,"D4","GR",2022,2022,"GFCM_GSAs","23","RegRouCF","GR-SeaComTripallsp","All","OTB_DEF_>=40_0_0","Y","Trip","N",NA,NA,"SO","SoPrDr",0,0,0,1,0,"ICES WGBYC, GFCM, EU Commission, MSFD",NA
34,"D4","GR",2022,2022,"GFCM_GSAs","20","RegRouCF","GR-SeaComTripallsp","All","OTB_DEF_>=40_0_0","Y","Trip","N",NA,NA,"SO","SoPrDr",0,0,1,2,0,"ICES WGBYC, GFCM, EU Commission, MSFD",NA
35,"D4","GR",2022,2022,"GFCM_GSAs","22","RegRouCF","GR-SeaComTripallsp","All","LLS_DEF_0_0_0","Y","Trip","N",NA,NA,"SO","SoPrDr",1,1,1,1,0,"ICES WGBYC, GFCM, EU Commission, MSFD",NA
36,"D4","GR",2022,2022,"GFCM_GSAs","23","RegRouCF","GR-SeaComTripallsp","All","LLS_DEF_0_0_0","Y","Trip","N",NA,NA,"SO","SoPrDr",0,0,1,1,0,"ICES WGBYC, GFCM, EU Commission, MSFD",NA
37,"D4","GR",2022,2022,"GFCM_GSAs","20","RegRouCF","GR-SeaComTripallsp","All","LLS_DEF_0_0_0","Y","Trip","N",NA,NA,"SO","SoPrDr",0,0,1,2,0,"ICES WGBYC, GFCM, EU Commission, MSFD",NA
38,"D4","GR",2022,2022,"GFCM_GSAs","22","RegRouCF","GR-SeaComTripallsp","All","GNS_DEF_>=16_0_0","Y","Trip","N",NA,NA,"SO","SoPrDr",0,0,1,1,0,"ICES WGBYC, GFCM, EU Commission, MSFD",NA
39,"D4","GR",2022,2022,"GFCM_GSAs","23","RegRouCF","GR-SeaComTripallsp","All","GNS_DEF_>=16_0_0","Y","Trip","N",NA,NA,"SO","SoPrDr",0,0,0,1,0,"ICES WGBYC, GFCM, EU Commission, MSFD",NA
40,"D4","GR",2022,2022,"GFCM_GSAs","20","RegRouCF","GR-SeaComTripallsp","All","GNS_DEF_>=16_0_0","Y","Trip","N",NA,NA,"SO","SoPrDr",0,0,0,0,0,"ICES WGBYC, GFCM, EU Commission, MSFD",NA
41,"D4","GR",2022,2022,"GFCM_GSAs","22","RegRouCF","GR-SeaComTripallsp","All","GTR_DEF_>=16_0_0","Y","Trip","N",NA,NA,"SO","SoPrDr",1,0,1,2,0,"ICES WGBYC, GFCM, EU Commission, MSFD",NA
42,"D4","GR",2022,2022,"GFCM_GSAs","23","RegRouCF","GR-SeaComTripallsp","All","GTR_DEF_>=16_0_0","Y","Trip","N",NA,NA,"SO","SoPrDr",0,0,0,0,0,"ICES WGBYC, GFCM, EU Commission, MSFD",NA
43,"D4","GR",2022,2022,"GFCM_GSAs","20","RegRouCF","GR-SeaComTripallsp","All","GTR_DEF_>=16_0_0","Y","Trip","N",NA,NA,"SO","SoPrDr",0,0,1,0,0,"ICES WGBYC, GFCM, EU Commission, MSFD",NA
44,"D4","GR",2023,2023,"GFCM_GSAs","22","RegRouCF","GR-SeaComTripallsp","All","OTB_DEF_>=40_0_0","Y","Trip","N",NA,NA,"SO","SoPrDr",0,0,1,2,1,"ICES WGBYC, GFCM, EU Commission, MSFD",NA
45,"D4","GR",2023,2023,"GFCM_GSAs","23","RegRouCF","GR-SeaComTripallsp","All","OTB_DEF_>=40_0_0","Y","Trip","N",NA,NA,"SO","SoPrDr",0,0,1,2,0,"ICES WGBYC, GFCM, EU Commission, MSFD",NA
46,"D4","GR",2023,2023,"GFCM_GSAs","20","RegRouCF","GR-SeaComTripallsp","All","OTB_DEF_>=40_0_0","Y","Trip","N",NA,NA,"SO","SoPrDr",0,0,1,2,0,"ICES WGBYC, GFCM, EU Commission, MSFD",NA
47,"D4","GR",2023,2023,"GFCM_GSAs","22","RegRouCF","GR-SeaComTripallsp","All","LLS_DEF_0_0_0","Y","Trip","N",NA,NA,"SO","SoPrDr",1,0,0,1,0,"ICES WGBYC, GFCM, EU Commission, MSFD",NA
48,"D4","GR",2023,2023,"GFCM_GSAs","23","RegRouCF","GR-SeaComTripallsp","All","LLS_DEF_0_0_0","Y","Trip","N",NA,NA,"SO","SoPrDr",0,0,1,1,0,"ICES WGBYC, GFCM, EU Commission, MSFD",NA
49,"D4","GR",2023,2023,"GFCM_GSAs","20","RegRouCF","GR-SeaComTripallsp","All","LLS_DEF_0_0_0","Y","Trip","N",NA,NA,"SO","SoPrDr",0,0,0,1,0,"ICES WGBYC, GFCM, EU Commission, MSFD",NA
50,"D4","GR",2023,2023,"GFCM_GSAs","22","RegRouCF","GR-SeaComTripallsp","All","GNS_DEF_>=16_0_0","Y","Trip","N",NA,NA,"SO","SoPrDr",0,0,0,1,0,"ICES WGBYC, GFCM, EU Commission, MSFD",NA
51,"D4","GR",2023,2023,"GFCM_GSAs","23","RegRouCF","GR-SeaComTripallsp","All","GNS_DEF_>=16_0_0","Y","Trip","N",NA,NA,"SO","SoPrDr",0,0,0,0,0,"ICES WGBYC, GFCM, EU Commission, MSFD",NA
52,"D4","GR",2023,2023,"GFCM_GSAs","20","RegRouCF","GR-SeaComTripallsp","All","GNS_DEF_>=16_0_0","Y","Trip","N",NA,NA,"SO","SoPrDr",0,0,0,0,0,"ICES WGBYC, GFCM, EU Commission, MSFD",NA
53,"D4","GR",2023,2023,"GFCM_GSAs","22","RegRouCF","GR-SeaComTripallsp","All","GTR_DEF_>=16_0_0","Y","Trip","N",NA,NA,"SO","SoPrDr",1,0,1,2,0,"ICES WGBYC, GFCM, EU Commission, MSFD",NA
54,"D4","GR",2023,2023,"GFCM_GSAs","23","RegRouCF","GR-SeaComTripallsp","All","GTR_DEF_>=16_0_0","Y","Trip","N",NA,NA,"SO","SoPrDr",0,0,1,2,0,"ICES WGBYC, GFCM, EU Commission, MSFD",NA
55,"D4","GR",2023,2023,"GFCM_GSAs","20","RegRouCF","GR-SeaComTripallsp","All","GTR_DEF_>=16_0_0","Y","Trip","N",NA,NA,"SO","SoPrDr",0,0,1,1,0,"ICES WGBYC, GFCM, EU Commission, MSFD",NA
56,"D4","GR",2024,2024,"GFCM_GSAs","22","RegRouCF","GR-SeaComTripallsp","All","OTB_DEF_>=40_0_0","Y","Trip","N",NA,NA,"SO","SoPrDr",0,1,1,2,0,"ICES WGBYC, GFCM, EU Commission, MSFD",NA
57,"D4","GR",2024,2024,"GFCM_GSAs","23","RegRouCF","GR-SeaComTripallsp","All","OTB_DEF_>=40_0_0","Y","Trip","N",NA,NA,"SO","SoPrDr",0,0,1,1,0,"ICES WGBYC, GFCM, EU Commission, MSFD",NA
58,"D4","GR",2024,2024,"GFCM_GSAs","20","RegRouCF","GR-SeaComTripallsp","All","OTB_DEF_>=40_0_0","Y","Trip","N",NA,NA,"SO","SoPrDr",0,0,1,2,0,"ICES WGBYC, GFCM, EU Commission, MSFD",NA
59,"D4","GR",2024,2024,"GFCM_GSAs","22","RegRouCF","GR-SeaComTripallsp","All","LLS_DEF_0_0_0","Y","Trip","N",NA,NA,"SO","SoPrDr",1,0,0,1,1,"ICES WGBYC, GFCM, EU Commission, MSFD",NA
60,"D4","GR",2024,2024,"GFCM_GSAs","23","RegRouCF","GR-SeaComTripallsp","All","LLS_DEF_0_0_0","Y","Trip","N",NA,NA,"SO","SoPrDr",0,0,1,0,0,"ICES WGBYC, GFCM, EU Commission, MSFD",NA
61,"D4","GR",2024,2024,"GFCM_GSAs","20","RegRouCF","GR-SeaComTripallsp","All","LLS_DEF_0_0_0","Y","Trip","N",NA,NA,"SO","SoPrDr",0,0,0,1,0,"ICES WGBYC, GFCM, EU Commission, MSFD",NA
62,"D4","GR",2024,2024,"GFCM_GSAs","22","RegRouCF","GR-SeaComTripallsp","All","GNS_DEF_>=16_0_0","Y","Trip","N",NA,NA,"SO","SoPrDr",0,0,0,0,0,"ICES WGBYC, GFCM, EU Commission, MSFD",NA
63,"D4","GR",2024,2024,"GFCM_GSAs","23","RegRouCF","GR-SeaComTripallsp","All","GNS_DEF_>=16_0_0","Y","Trip","N",NA,NA,"SO","SoPrDr",0,0,0,0,0,"ICES WGBYC, GFCM, EU Commission, MSFD",NA
64,"D4","GR",2024,2024,"GFCM_GSAs","20","RegRouCF","GR-SeaComTripallsp","All","GNS_DEF_>=16_0_0","Y","Trip","N",NA,NA,"SO","SoPrDr",0,0,0,1,0,"ICES WGBYC, GFCM, EU Commission, MSFD",NA
65,"D4","GR",2024,2024,"GFCM_GSAs","22","RegRouCF","GR-SeaComTripallsp","All","GTR_DEF_>=16_0_0","Y","Trip","N",NA,NA,"SO","SoPrDr",0,0,1,1,1,"ICES WGBYC, GFCM, EU Commission, MSFD",NA
66,"D4","GR",2024,2024,"GFCM_GSAs","23","RegRouCF","GR-SeaComTripallsp","All","GTR_DEF_>=16_0_0","Y","Trip","N",NA,NA,"SO","SoPrDr",0,0,1,0,0,"ICES WGBYC, GFCM, EU Commission, MSFD",NA
67,"D4","GR",2024,2024,"GFCM_GSAs","20","RegRouCF","GR-SeaComTripallsp","All","GTR_DEF_>=16_0_0","Y","Trip","N",NA,NA,"SO","SoPrDr",0,0,1,1,0,"ICES WGBYC, GFCM, EU Commission, MSFD",NA
68,"D4","DE",2017,2025,"ICESArea","27.1~27.2~27.4~27.5~27.12~27.14","NatRouCF","DEU_NEA_Demersal","All","OTB_DEF","N","Trip~Vessel","Y","Vessel space limitation~Uncooperative vessel",NA,"SO","PrDrOt",0,0,1,2,0,"ICES WGBYC~EU Commission","German data collection framework sampling"
69,"D4","DE",2017,2025,"ICESArea","27.1~27.2~27.4~27.6~27.7~27.8","NatRouCF","DEU_NEA_Pelagic","All","OTM_SPF","N","Trip~Vessel","Y","Vessel space limitation~Uncooperative vessel",NA,"SO","PrDrOt",0,1,1,1,0,"ICES WGBYC~EU Commission","German data collection framework sampling"
70,"D4","DE",2017,2025,"ICESArea","27.4","NatRouCF","DEU_NorthSea_BrownShrimp","All","TBB_CRU","N","Trip~Vessel","Y","Vessel space limitation~Uncooperative vessel",NA,"SO","PrDrOt",0,0,1,1,0,"ICES WGBYC~EU Commission","German data collection framework sampling"
71,"D4","DE",2017,2025,"ICESArea","27.4","NatRouCF","DEU_NorthSea_Flatfish","All","TBB_DEF","N","Trip~Vessel","Y","Vessel space limitation~Uncooperative vessel",NA,"SO","PrDrOt",0,0,1,1,0,"ICES WGBYC~EU Commission","German data collection framework sampling"
72,"D4","IE",2017,2024,"ICESArea","27.7","ResProIB","IE-Shellfish-CrayFishRestoration","ProtectedSpecies~Elasmobranchs","GTR","Y","Vessel","N",NA,NA,"SO~VO","SoPrDrSlOt",0,3,1,2,0,"National use~ICES WGBYC","This regional sampling programme is a mix of self-sampling and observer sampling. End-user of PET data - Also submitted to ICES WGBYC. Project ongoing, 2022 data not available yet"
73,"D4","IE",2017,2024,"ICESArea","27.7~27.6","NatRouCF","IE_Demersal_At-sea","ProtectedSpecies","SSC~TBB~OTB","Y","Trip","Y","Uncooperative vessel~Small vessel size",NA,"SO~VO","SoSlOt",1,2,1,1,0,"EU Commission~ICES WGBYC","End-user of PET data - Also submitted to ICES WGBYC."
74,"D4","IE",2017,2024,"ICESArea","27.8~27.7~27.6~27.4","NatRouCF","IE_Pelagic_At-sea","ProtectedSpecies","PTM~OTM","Y","Trip","Y","Uncooperative vessel~Small vessel size",NA,"SO~VO","SoPrSl",0,2,0,1,0,"EU Commission~ICES WGBYC","End-user of PET data - Also submitted to ICES WGBYC."
75,"D4","LV",2020,2025,"ICESArea","27.3.d.28.1","NatRouCF","LV-GOR-PEL-1","All","OTM","Y","Trip~Vessel","N",NA,"VL1218~VL2440","SO","Pr",0,0,1,0,0,"Commission","Data for 2025 up to the 27.10.2025"
76,"D4","LV",2017,2025,"ICESArea","27.3.d.26~27.3.d.28.2","NatRouCF","LV-OSF-PEL-1","All","OTM","Y","Trip~Vessel","N",NA,"VL2440","SO","Pr",0,0,1,0,0,"Commission","Data for 2025 up to the 27.10.2025"
77,"D4","LV",2017,2025,"ICESArea","27.3.d.26~27.3.d.28","NatRouCF","LV-SB-2","All","GNS~FPO~FYK","Y","Trip~Vessel","N",NA,"VL0006~VL0612","SO","Pr",2,2,1,0,0,"Commission","Data for 2025 up to the 27.10.2025"
78,"D4","LV",2017,2020,"ICESArea","27.3.d.25~27.3.d.26~27.3.d.28.2","NatRouCF","LV-OSF-DEM-1","All","OTB","Y","Trip~Vessel","N",NA,"VL2440","SO","Pr",0,0,1,0,0,"Commission","Data for 2025 up to the 27.10.2025"
79,"D4","LV",2017,2025,"ICESArea","27.3.d.25~27.3.d.26~27.3.d.28","NatRouCF","LV-BAL-PEL-CET","All","OTM","Y","Trip~Vessel","N",NA,"VL1218~VL2440","SO","Pr",0,0,1,0,0,"Commission","Data for 2025 up to the 27.10.2025"
80,"D4","LV",2025,2025,"ICESArea","27.3.d.26~27.3.d.28","NatRouCF","LV-SB-1","All","FPN","Y","Trip~Vessel","N",NA,"VL0006~VL0612","SO","Pr",0,1,1,0,0,"Commission","Data for 2025 up to the 27.10.2025"
81,"D4","MT",2017,2019,"GFCM_GSAs","15","NatRouCF","MT-DCF-Sampling","All","LLD_LPF_0_0_0","N","Trip","N",NA,NA,"SO","SoDrSl",0,0,0,0,0,"GFCM~EU Commission",NA
82,"D4","MT",2017,2019,"GFCM_GSAs","15","NatRouCF","MT-DCF-Sampling","All","LLS_DEF_0_0_0","N","Trip","N",NA,NA,"SO","SoDrSl",0,1,0,0,1,"GFCM~EU Commission",NA
83,"D4","MT",2017,2019,"GFCM_GSAs","15","NatRouCF","MT-DCF-Sampling","All","OTB_DEF_>=40_0_0","N","Trip","N",NA,NA,"SO","SoDrSl",0,0,0,0,0,"GFCM~EU Commission",NA
84,"D4","MT",2017,2019,"GFCM_GSAs","15","NatRouCF","MT-DCF-Sampling","All","OTB_MDD_>=40_0_0","N","Trip","N",NA,NA,"SO","SoDrSl",0,0,0,0,0,"GFCM~EU Commission",NA
85,"D4","MT",2017,2019,"GFCM_GSAs","15","NatRouCF","MT-DCF-Sampling","All","OTB_DWS_>=40_0_0","N","Trip","N",NA,NA,"SO","SoDrSl",0,0,0,0,0,"GFCM~EU Commission",NA
86,"D4","MT",2017,2019,"GFCM_GSAs","15","NatRouCF","MT-DCF-Sampling","All","PS_SPF_>=14_0_0","N","Trip","N",NA,NA,"SO","SoDrSl",0,0,0,0,0,"GFCM~EU Commission",NA
87,"D4","MT",2017,2019,"GFCM_GSAs","15","NatRouCF","MT-DCF-Sampling","All","GTR_DEF_>=16_0_0","N","Trip","N",NA,NA,"SO","SoDrSl",0,0,0,0,0,"GFCM~EU Commission",NA
88,"D4","MT",2017,2019,"GFCM_GSAs","15","NatRouCF","MT-DCF-Sampling","All","LA_SLP_>=14_0_0","N","Trip","N",NA,NA,"SO","SoDrSl",0,0,0,0,0,"GFCM~EU Commission",NA
89,"D4","MT",2017,2019,"GFCM_GSAs","15","NatRouCF","MT-DCF-Sampling","All","Misc_MDP_0_0_0","N","Trip","N",NA,NA,"SO","SoDrSl",0,0,0,0,0,"GFCM~EU Commission",NA
90,"D4","MT",2020,2024,"GFCM_GSAs","15","NatRouCF","MT-DCF-Sampling","All","GTR_DEF_>=16_0_0","N","Trip","N",NA,NA,"SO","SoDrSl",0,0,0,0,0,"GFCM~EU Commission",NA
91,"D4","MT",2020,2024,"GFCM_GSAs","15","NatRouCF","MT-DCF-Sampling","All","LLD_LPF_0_0_0","N","Trip","N",NA,NA,"SO","SoDrSl",0,0,0,0,0,"GFCM~EU Commission",NA
92,"D4","MT",2020,2024,"GFCM_GSAs","15","NatRouCF","MT-DCF-Sampling","All","LLS_DEF_0_0_0","N","Trip","N",NA,NA,"SO","SoDrSl",0,1,0,0,1,"GFCM~EU Commission",NA
93,"D4","MT",2020,2024,"GFCM_GSAs","15","NatRouCF","MT-DCF-Sampling","All","OTB_DEF_>=40_0_0","N","Trip","N",NA,NA,"SO","SoDrSl",0,0,0,0,0,"GFCM~EU Commission",NA
94,"D4","MT",2020,2024,"GFCM_GSAs","15","NatRouCF","MT-DCF-Sampling","All","OTB_MDD_>=40_0_0","N","Trip","N",NA,NA,"SO","SoDrSl",0,0,0,0,0,"GFCM~EU Commission",NA
95,"D4","MT",2020,2024,"GFCM_GSAs","15","NatRouCF","MT-DCF-Sampling","All","OTB_DWS_>=40_0_0","N","Trip","N",NA,NA,"SO","SoDrSl",0,0,0,0,0,"GFCM~EU Commission",NA
96,"D4","MT",2020,2024,"GFCM_GSAs","15","NatRouCF","MT-DCF-Sampling","All","PS_SPF_>=14_0_0","N","Trip","N",NA,NA,"SO","SoDrSl",0,0,0,0,0,"GFCM~EU Commission",NA
97,"D4","MT",2020,2024,"GFCM_GSAs","15","NatRouCF","MT-DCF-Sampling","All","Misc_MDP_0_0_0","N","Trip","N",NA,NA,"SO","SoDrSl",0,0,0,0,0,"GFCM~EU Commission",NA
98,"D4","MT",2020,2024,"GFCM_GSAs","15","NatRouCF","MT-DCF-Sampling","All","LA_SLP_>=14_0_0","N","Trip","N",NA,NA,"SO","SoDrSl",0,0,0,0,0,"GFCM~EU Commission",NA
99,"D4","MT",2021,2022,"GFCM_GSAs","15","ResProIB","MT-DCF-Sampling","Cetaceans","GTR_DEF_>=16_0_0","Y","Trip","N",NA,NA,"SO","SoPrDrSlOt",0,0,0,0,0,"GFCM~EU Commission",NA
100,"D4","NL",2000,NA,"ICESArea","27.4","NatRouIB","NL_DEMACT1","All","TBB_DEF ~ OTB ~ SSC","Y","VesselxWeek","N",NA,NA,"SO","SoPrDr",0,0,2,3,0,"ICES WGBYC","Aim to collect (i) discard data and (ii) data on incidental bycatches of rare species"
101,"D4","NL",2009,NA,"ICESArea","27.4","NatRouCF","NL_DEMACT2","All","TBB_DEF ~ OTB ~ SSC","Y","VesselxWeek","N",NA,NA,"OTH","So",0,0,2,3,0,"ICES WGBYC","Aim to collect discard data"
102,"D4","NL",2013,NA,"ICESArea","27.4","NatRouIB","NL_DEMPAS","All","GNS ~ GTR ~ LHM ~ FYK","Y","VesselxTrip","Y","Small vessel size",NA,"SO","SoPrDr",2,2,2,0,0,"ICES WGBYC","Aim to collect (i) discard data and (ii) data on incidental bycatches of rare species. For ""NoTripsTotal"" in D2 there is a data issue for '22 and '23 - reported data in line with WGBYC submission. In future will be adjusted retrospectively."
103,"D4","NL",2000,NA,"ICESArea","27.2~27.4~27.5~27.6~27.7~27.8","NatRouIB","NL_PEL_1","All","OTM_SPF","Y","VesselxTime","N",NA,NA,"SO","SoPrDr",1,1,1,2,0,"ICES WGBYC","Aim to collect (i) catch data and (ii) data on incidental bycatches of rare species"
104,"D4","NL",2011,2018,"ICESArea","27.4","NatRouIB","NL_CRAN","All","TBB_CRU","Y","VesselxTrip","N",NA,NA,"SO","SoPrDr",0,0,1,0,0,"National use","Aim to collect (i) catch data and (ii) data on incidental bycatches of rare species"
105,"D4","PL",2020,2021,"ICESArea","27.3.c.22~27.3.b.23~27.3.d.24~27.3.d.25~27.3.d.26~27.3.d.27~27.3.d.28~27.3.d.29~27.3.d.30~27.3.d.31~27.3.d.32","NatRouCF","PL-Baltic-at-sea-and-on-shore","Fish","Baltic fleet","Y","vessel x trip","N",NA,NA,"SO","SoPrDrSlOt",1,0,1,0,0,"ICES WGBYC",NA
106,"D4","PL",2020,2021,"ICESArea","27.1~27.2","NatRouCF","PL-North-Sea-and-Eastern-Arctic-at-sea","Fish","Freezer trawler targetting cod in NS&EA","Y","vessel x trip","N",NA,NA,"SO","SoPrDrSlOt",0,0,0,0,0,"ICES WGBYC",NA
107,"D4","PL",2017,2019,"ICESArea","27.3.c.22~27.3.b.23~27.3.d.24~27.3.d.25~27.3.d.26~27.3.d.27~27.3.d.28~27.3.d.29~27.3.d.30~27.3.d.31~27.3.d.32","NatRouCF","PL-Demersal-at-sea-and-on-shore","Fish","Baltic trawlers and gillnetters targeting demersal species","Y","vessel x trip","Y","Low fishing effort",NA,"SO","SoPrDrSlOt",1,0,1,0,0,"ICES WGBYC",NA
108,"D4","PL",2017,2019,"ICESArea","27.3.c.22~27.3.b.23~27.3.d.24~27.3.d.25~27.3.d.26~27.3.d.27~27.3.d.28~27.3.d.29~27.3.d.30~27.3.d.31~27.3.d.32","NatRouCF","PL-Pelagic-at-sea-and-on-shore","Fish","Baltic pelagic trawlers and boats targeting herring","Y","vessel x trip","Y","Low fishing effort",NA,"SO","SoPrDrSlOt",0,0,1,0,0,"ICES WGBYC",NA
109,"D4","PL",2017,2019,"ICESArea","27.3.c.22~27.3.b.23~27.3.d.24~27.3.d.25~27.3.d.26~27.3.d.27~27.3.d.28~27.3.d.29~27.3.d.30~27.3.d.31~27.3.d.32","NatRouCF","PL-Freshwater-at-sea-and-on-shore","Fish","Baltic boats targeting freshwater species","Y","vessel x trip","Y","Low fishing effort",NA,"SO","SoPrDrSlOt",0,0,0,0,0,"ICES WGBYC",NA
110,"D4","PL",2017,2019,"ICESArea","27.3.c.22~27.3.b.23~27.3.d.24~27.3.d.25~27.3.d.26~27.3.d.27~27.3.d.28~27.3.d.29~27.3.d.30~27.3.d.31~27.3.d.32","NatRouCF","PL-Salmonids-at-sea-and-on-shore","Fish","Boats targeting salmonids and longliners targeting salmon","Y","vessel x trip","Y","Low fishing effort",NA,"SO","SoPrDrSlOt",1,0,0,0,0,"ICES WGBYC",NA
111,"D4","PL",2017,2019,"ICESArea","27.1~27.2","NatRouCF","PL-At-sea","Fish","Freezer trawler targetting cod in NS&EA","Y","vessel x trip","N",NA,NA,"SO","SoPrDrSlOt",0,0,0,0,0,"ICES WGBYC",NA
112,"D4","PL",2022,2024,"ICESArea","27.3.d.24~27.3.d.25~27.3.d.26~27.3.d.27~27.3.d.28~27.3.d.29","NatRouCF","PL-Baltic-at-Sea","Fish","Baltic fleet","Y","vessel x trip","N",NA,NA,"SO","SoPrDrSlOt",1,1,1,0,0,"ICES WGBYC",NA
113,"D4","PL",2022,2024,"ICESArea","27.1~27.2","NatRouCF","PL-North-Sea-and-Eastern-Arctic-at-sea","Fish","Freezer trawler targetting cod in NS&EA","Y","vessel x trip","N",NA,NA,"SO","SoPrDrSlOt",0,0,0,0,0,"ICES WGBYC",NA
114,"D4","PL",2006,2017,"ICESArea","27.3.d.25~27.3.d.26","NatRouIB","PL-Monitoring-of-incidental-bycatch-cetaceans","Cetaceans","Vessels over 15m in length using OTM GNS OTB and LLD","Y","vessel x trip","N",NA,NA,"SO","SoPrDrSlOt",0,0,0,0,0,"ICES WGBYC",NA
115,"D4","PL",2025,NA,"ICESArea","27.3.d.24~27.3.d.25~27.3.d.26~27.3.d.27~27.3.d.28~27.3.d.29","NatRouCF","PL-Baltic-at-Sea","Fish","Baltic fleet","Y","vessel x trip","N",NA,NA,"SO","SoPrDrSlOt",0,0,0,0,0,"ICES WGBYC",NA
116,"D4","PT-20",2017,2018,"ICESArea","27.10.a.2","NatRouCF","PT-Azores-At Sea-27.10.a.2","All","LHP_DEF~LHP_DWS~LLS_DEF~LLS_DWS","Y","Vessel~Trip","Y",NA,NA,"SO","SoPrDrOt",0,0,0,0,0,"EU Commission~ICES WGBYC~MSFD~National use",NA
117,"D4","PT-20",2019,NA,"ICESArea","27.10.a.2","NatRouCF","PT-Azores-At Sea-27.10.a.2","All","FPO~GNS_MPD~LHP_CEP~LHP_FIF~LLS_DWS~LLD_LPF~PS_SPF","Y","Vessel~Trip","Y",NA,NA,"SO","SoPrDrOt~SoPrDrSlOt",0,0,0,0,0,"EU Commission~ICES WGBYC~MSFD~National use",NA
118,"D4","PT-20",1998,NA,"ICESArea","27.10.a.2","NatRouIB","POPA-At Sea-LHP_LPF","Cetaceans","LHP_LPF_>14m","Y","Vessel~Trip","N",NA,NA,"SO","SoPrDrOt",0,0,0,0,0,"EU Commission~ICES WGBYC~MSFD~National use",NA
119,"D4","SE",1996,2019,"ICESArea","27.3.d.24~27.3.d.25~27.3.d.26","NatRouCF","SWE_CommSciObsAtSea_RouCF","Fish~ProtectedSpecies","L3TB","Y","vessel","Y","low fishing effort",NA,"SO","SoDrSlOt",1,1,1,1,0,"EU Commission",NA
120,"D4","SE",2017,2017,"ICESArea","27.3.d.24~27.3.d.25","NatPilIB","SWE_ResProj_IB","ProtectedSpecies","L3GN","N","fishing trip","Y","low fishing effort",NA,"SO","SoDrSlOt",2,2,1,1,0,"EU Commission",NA
121,"D4","SE",2008,NA,"ICESArea","27.3.a","NatRouCF","SWE_CommSciObsAtSea_RouCF","Fish~ProtectedSpecies","L3TB","Y","vessel","Y","low fishing effort",NA,"SO","SoDrSlOt",1,1,2,3,0,"EU Commission",NA
122,"D4","SE",2002,NA,"ICESArea","27.3.a.20","NatRouCF","SWE_CommSciObsAtSea_RouCF","Fish~ProtectedSpecies","L3TB","Y","vessel","Y","low fishing effort",NA,"SO","SoDrSlOt",1,1,2,3,0,"EU Commission",NA
123,"D4","SE",1997,NA,"ICESArea","27.3.a.21","NatRouCF","SWE_CommSciObsAtSea_RouCF","Fish~ProtectedSpecies","L3TB","Y","vessel","Y","low fishing effort",NA,"SO","SoDrSlOt",1,1,2,3,0,"EU Commission",NA
124,"D4","SE",2008,NA,"ICESArea","27.3.a.21","NatRouCF","SWE_CommSciObsAtSea_RouCF","Fish~ProtectedSpecies","L3TB","Y","vessel","Y","low fishing effort",NA,"SO","SoDrSlOt",1,1,1,1,0,"EU Commission",NA
125,"D4","SE",2005,NA,"ICESArea","27.3.a.20","NatRouCF","SWE_CommSciObsAtSea_RouCF","Fish~ProtectedSpecies","L3TB","Y","vessel","Y","low fishing effort",NA,"SO","SoDrSlOt",1,1,1,2,0,"EU Commission",NA
126,"D4","SE",2017,2019,"ICESArea","27.3.b.23","NatPilIB","SWE_ResProj_IB","ProtectedSpecies","L3GN","N","fishing trip","Y","low fishing effort",NA,"SO","SoDrSlOt",2,3,1,1,0,"EU Commission",NA
127,"D4","SE",2018,2018,"ICESArea","27.3.d.27~27.3.d.28.2","NatPilIB","SWE_ResProj_IB","ProtectedSpecies","L3GN","N","fishing trip","Y","low fishing effort",NA,"SO","SoDrSlOt",2,2,1,1,0,"EU Commission",NA
128,"D4","SE",2020,2021,"ICESArea","27.3.b.23","NatRouCF","SWE_CommSciObsAtSea_RouCF","Fish~ProtectedSpecies","L3GN","N","fishing trip","Y","low fishing effort",NA,"SO","SoDrSlOt",2,3,1,1,0,"EU Commission",NA
129,"D4","SE",2020,2021,"ICESArea","27.3.a.21","NatRouCF","SWE_CommSciObsAtSea_RouCF","Fish~ProtectedSpecies","L3GN","N","fishing trip","Y","low fishing effort",NA,"SO","SoDrSlOt",2,3,2,2,0,"EU Commission",NA
130,"D4","SE",2020,2021,"ICESArea","27.3.d.25~27.3.d.26~27.3.d.27~27.3.d.28.2~27.3.d.29","NatPilCF","SWE_ResProj_IB","Fish~ProtectedSpecies","L3PT","N","fishing trip","Y","low fishing effort",NA,"SO","SoDrSlOt",1,2,1,1,0,"EU Commission",NA
131,"D4","SE",2022,NA,"ICESArea","27.3.d.25~27.3.d.26~27.3.d.27~27.3.d.28.2~27.3.d.29","NatRouCF","SWE_CommSciObsAtSea_RouCF","Fish~ProtectedSpecies","L3PT","N","fishing trip","Y","low fishing effort",NA,"SO","SoDrSlOt",1,2,1,1,0,"EU Commission",NA
132,"D4","SE",2022,NA,"ICESArea","27.3.a.21~27.3.b.23~27.3.d.24~27.3.d.25~27.3.d.26~27.3.d.27~27.3.d.28~27.3.d.29","NatRouIB","SWE_CommSciObsAtSea_RouCF","ProtectedSpecies","L3GN","N","fishing trip","Y","low fishing effort",NA,"SO","SoDrSlOt",2,3,2,2,0,"EU Commission","Percived bycatch risk for different groups differ between areas"
133,"D4","SE",2022,NA,"ICESArea","27.3.a.21~27.3.b.23~27.3.d.24~27.3.d.25~27.3.d.26~27.3.d.27~27.3.d.28~27.3.d.29","NatRouIB","SWE_CommEMAtSea_RouCF","ProtectedSpecies","L3GN","N","vessel","Y","low fishing effort",NA,"EM","SoDrSlOt",2,3,2,2,0,"EU Commission","Percived bycatch risk for different groups differ between areas"
134,"D4","SE",2020,2021,"ICESArea","27.3.a.21~27.3.b.23~27.3.d.24~27.3.d.25~27.3.d.26~27.3.d.27~27.3.d.28~27.3.d.29","NatPilIB","SWE_ResProj_IB","ProtectedSpecies","L3GN","N","vessel","Y","low fishing effort",NA,"EM","SoDrSlOt",2,3,2,2,0,"EU Commission","Percived bycatch risk for different groups differ between areas"
135,"D4","SI",2017,2025,"GFCM_GSAs","37.2.1","NatRouIB","SI-Retained-and-Discarded-Species-(BCD)","All","OTB~GTR~GNS","N","Trip~Vessel","N",NA,"NK","SO","SoDrOt",0,0,0,0,0,"EU Commission~GFCM~ICES",NA
136,"D4","ES",2017,2025,"ICESArea","27.8.a~27.8.b~27.8.d","NatRouCF","ESP-AZTI_DCF_Onboard_Sampling","All","OTB_DEF_70-99_0_0","N","Trip","N",NA,NA,"SO","SoPrDr",2,1,4,4,0,"ICES WGBYC","ETP species-Annex 1 WGBYC_2025_DataCall_Species_per_Ecoregion list"
137,"D4","ES",2017,2025,"ICESArea","27.6.a","NatRouCF","ESP-AZTI_DCF_Onboard_Sampling","All","OTB_DEF_100-119_0_0","N","Trip","N",NA,NA,"SO","SoPrDr",2,1,4,4,0,"ICES WGBYC","ETP species-Annex 1 WGBYC_2025_DataCall_Species_per_Ecoregion list"
138,"D4","ES",2017,2025,"ICESArea","27.8.a~27.8.b~27.8.d","NatRouCF","ESP-AZTI_DCF_Onboard_Sampling","All","PTB_DEF_70-99_0_0","N","Trip","N",NA,NA,"SO","SoPrDr",2,4,1,2,0,"ICES WGBYC","ETP species-Annex 1 WGBYC_2025_DataCall_Species_per_Ecoregion list"
139,"D4","ES",2017,2025,"ICESArea","27.8.c","NatRouCF","ESP-AZTI_DCF_Onboard_Sampling","All","PTB_MPD_55-64_0_0","N","Trip","N",NA,NA,"SO","SoPrDr",2,4,1,2,0,"ICES WGBYC","ETP species-Annex 1 WGBYC_2025_DataCall_Species_per_Ecoregion list"
140,"D4","ES",2017,2025,"ICESArea","27.8.c","NatRouCF","ESP-AZTI_DCF_Onboard_Sampling","All","PS_SPF_>0_0_0","N","Trip","N",NA,NA,"SO","SoPrDrSlOt",0,1,1,2,1,"ICES WGBYC","ETP species-Annex 1 WGBYC_2025_DataCall_Species_per_Ecoregion list"
141,"D4","ES",2017,2025,"ICESArea","27.8.c","NatRouCF","ESP-AZTI_DCF_Onboard_Sampling","All","GNS_DEF_60-69_0_0","N","Trip","N",NA,NA,"SO","SoPrDr",3,2,2,2,1,"ICES WGBYC","ETP species-Annex 1 WGBYC_2025_DataCall_Species_per_Ecoregion list"
142,"D4","ES",2017,2025,"ICESArea","27.8.c","NatRouCF","ESP-AZTI_DCF_Onboard_Sampling","All","GTR_DEF_60-69_0_0","N","Trip","N",NA,NA,"SO","SoPrDr",3,2,2,2,1,"ICES WGBYC","ETP species-Annex 1 WGBYC_2025_DataCall_Species_per_Ecoregion list"
143,"D4","ES",2017,2025,"ICESArea","27.1~27.2","NatRouCF","ESP-AZTI_DCF_Onboard_Sampling","All","OTB_DEF_>=120_0_0","N","Trip","N",NA,NA,"SO","SoPrDr",2,1,2,2,0,"ICES WGBYC","ETP species-Annex 1 WGBYC_2025_DataCall_Species_per_Ecoregion list"
144,"D4","ES",2020,2025,"ICESArea","27.8.c~27.9.a","NatPilIB","ESP_SGP_CET","ProtectedSpecies","FPO_MOL_>0_0_0","N","Vessel~Trip","Y","Small vessel size",NA,"SO","SoPrDrSl",0,0,0,0,0,"ICES WGBYC","ETP species-Annex 1 WGBYC_2025_DataCall_Species_per_Ecoregion list. Criterion: ICES Advice 2024 
145,"D4","ES",2020,2025,"ICESArea","27.8.c~27.9.a","NatPilIB","ESP_SGP_CET","ProtectedSpecies","GNS_DEF_>=220_0_0~GNS_DEF_90-99_0_0","N","Vessel~Trip","N",NA,NA,"SO","SoPrDrSl",3,2,4,4,0,"ICES WGBYC","ETP species-Annex 1 WGBYC_2025_DataCall_Species_per_Ecoregion list. Criterion: ICES Advice 2024 
146,"D4","ES",2020,2025,"ICESArea","27.8.a~27.8.b~27.8.d","NatPilIB","ESP_SGP_CET","ProtectedSpecies","GNS_DEF_100-119_0_0","N","Vessel~Trip","N",NA,NA,"SO","SoPrDrSl",2,3,4,4,0,"ICES WGBYC","ETP species-Annex 1 WGBYC_2025_DataCall_Species_per_Ecoregion list. Criterion: ICES Advice 2024 
147,"D4","ES",2021,2025,"ICESArea","27.8.c~27.9.a","NatPilIB","ESP_SGP_CET","ProtectedSpecies","GNS_DEF_60-69_0_0~GTR_DEF_60-69_0_0","N","Vessel~Trip","Y","Small vessel size",NA,"SO","SoPrDrSl",3,2,4,4,0,"ICES WGBYC","ETP species-Annex 1 WGBYC_2025_DataCall_Species_per_Ecoregion list. Criterion: ICES Advice 2024 
148,"D4","ES",2021,2025,"ICESArea","27.8.c~27.9.a","NatPilIB","ESP_SGP_CET","ProtectedSpecies","LLS_DEF_0_0_0","N","Vessel~Trip","Y","Small vessel size",NA,"SO","SoPrDrSl",3,0,4,4,0,"ICES WGBYC","ETP species-Annex 1 WGBYC_2025_DataCall_Species_per_Ecoregion list. Criterion: ICES Advice 2024 
149,"D4","ES",2020,2025,"ICESArea","27.8.c~27.9.a","NatPilIB","ESP_SGP_CET","ProtectedSpecies","OTB_DEF_70-99_0_0","N","Vessel~Trip","N",NA,NA,"SO","SoPrDrSl",2,2,4,4,0,"ICES WGBYC","ETP species-Annex 1 WGBYC_2025_DataCall_Species_per_Ecoregion list. Criterion: ICES Advice 2024 
150,"D4","ES",2020,2025,"ICESArea","27.8.a~27.8.b~27.8.d","NatPilIB","ESP_SGP_CET","ProtectedSpecies","OTB_DEF_70-99_0_0","N","Vessel~Trip","N",NA,NA,"SO","SoPrDrSl",0,0,3,3,0,"ICES WGBYC","ETP species-Annex 1 WGBYC_2025_DataCall_Species_per_Ecoregion list. Criterion: ICES Advice 2024 
151,"D4","ES",2020,2025,"ICESArea","27.8.c~27.9.a","NatPilIB","ESP_SGP_CET","ProtectedSpecies","OTB_MPD_55-64_0_0","N","Vessel~Trip","N",NA,NA,"SO","SoPrDrSl",0,0,3,0,0,"ICES WGBYC","ETP species-Annex 1 WGBYC_2025_DataCall_Species_per_Ecoregion list. Criterion: ICES Advice 2024 
152,"D4","ES",2021,2025,"ICESArea","27.8.b~27.8.c~27.9.a","NatPilIB","ESP_SGP_CET","ProtectedSpecies","PS_SPF_>0_0_0","N","Vessel~Trip","N",NA,NA,"SO","SoPrDrSl",3,2,3,2,0,"ICES WGBYC","ETP species-Annex 1 WGBYC_2025_DataCall_Species_per_Ecoregion list. Criterion: ICES Advice 2024 
153,"D4","ES",2020,2021,"ICESArea","27.8.a~27.8.b~27.8.d","NatPilIB","ESP_SGP_CET","ProtectedSpecies","PTB_DEF_70-99_0_0","N","Vessel~Trip","N",NA,NA,"SO","SoPrDrSl",0,4,4,4,0,"ICES WGBYC","ETP species-Annex 1 WGBYC_2025_DataCall_Species_per_Ecoregion list. Criterion: ICES Advice 2024 
154,"D4","ES",2020,2025,"ICESArea","27.8.c~27.9.a","NatPilIB","ESP_SGP_CET","ProtectedSpecies","PTB_MPD_55-64_0_0","N","Vessel~Trip","N",NA,NA,"SO","SoPrDrSl",3,3,4,4,0,"ICES WGBYC","ETP species-Annex 1 WGBYC_2025_DataCall_Species_per_Ecoregion list. Criterion: ICES Advice 2024 
155,"D4","ES",2017,2025,"GFCM_GSAs","1~5~6~7","NatRouCF","ESP-IEO-P2-AtSea","All","OTB_DEF_>=40_0_0","N","Trip","N",NA,NA,"SO","SoPr",0,0,0,0,0,"ICES WGBYC","ETP species-Annex 1 WGBYC_2025_DataCall_Species_per_Ecoregion list"
156,"D4","ES",2017,2025,"GFCM_GSAs","1~2~5~6~7","NatRouCF","ESP-IEO-P2-AtSea","All","OTB_DWS_>=40_0_0~OTB_MDD_>=40_0_0","N","Trip","N",NA,NA,"SO","SoPr",0,0,0,0,0,"ICES WGBYC","ETP species-Annex 1 WGBYC_2025_DataCall_Species_per_Ecoregion list"
157,"D4","ES",2020,2021,"GFCM_GSAs","1~5~6","RegPilIB","ESP-IEO-P2-AtSea","ProtectedSpecies","GNS_DEF_>=16_0_0~GNS_SLP_>=16_0_0~GTR_DEF_>=16_0_0","N","Trip","N",NA,NA,"SO","SoPr",0,0,0,0,0,"ICES WGBYC","ETP species-Annex 1 WGBYC_2025_DataCall_Species_per_Ecoregion list"
158,"D4","ES",2019,2019,"GFCM_GSAs","1~2","RegPilIB","ESP-IEO-P2-AtSea","ProtectedSpecies","LLS_DEF_0_0_0","N","Trip","N",NA,NA,"SO","SoPr",0,0,0,0,0,"ICES WGBYC","ETP species-Annex 1 WGBYC_2025_DataCall_Species_per_Ecoregion list"
159,"D4","ES",2017,2025,"ICESArea","27","NatRouCF","ESP-IEO-P4-AtSea-All","All","LLD_LPF_0_0_0_SWO","N","Trip","N",NA,NA,"SO","SoPrDrSl",0,0,0,1,1,"ICES WGBYC","ETP species-Annex 1 WGBYC_2025_DataCall_Species_per_Ecoregion list"
160,"D4","ES",2017,2025,"ICESArea","27","NatRouCF","ESP-IEO-P4-AtSea-All","All","LLD_LPF_0_0_0_SWO","N","Trip","N",NA,NA,"EM","SoPrDrSl",0,0,0,1,0,"ICES WGBYC",NA
161,"D4","ES",2017,2025,"GFCM_GSAs","1~5~6","NatRouCF","ESP-IEO-P4-AtSea-All","All","LLD_LPF_0_0_0_SWO","N","Vessel~Trip","N",NA,NA,"SO","SoPrDrSl",2,1,0,3,1,"ICES WGBYC","ETP species-Annex 1 WGBYC_2025_DataCall_Species_per_Ecoregion list"
162,"D4","ES",2017,2025,"GFCM_GSAs","1~5~6","NatRouCF","ESP-IEO-P4-AtSea-All","All","LLD_LPF_0_0_0_BFT","N","Vessel~Trip","N",NA,NA,"SO","SoPrDrSl",1,1,0,2,1,"ICES WGBYC","ETP species-Annex 1 WGBYC_2025_DataCall_Species_per_Ecoregion list"
163,"D4","ES",2017,2025,"GFCM_GSAs","1~5~6","NatRouCF","ESP-IEO-P4-AtSea-All","All","LLD_LPF_0_0_0_ALB","N","Vessel~Trip","N",NA,NA,"SO","SoPrDrSl",3,0,0,1,2,"ICES WGBYC","ETP species-Annex 1 WGBYC_2025_DataCall_Species_per_Ecoregion list"
164,"D4","ES",2017,2025,"ICESArea","27.12~27.6.b.1","NatRouCF","ESP-IEO_P5_DCF_Onboard_Sampling","All","OTB_DWS_100-119_0_0","N","Vessel~Trip","N",NA,NA,"SO","SoPr",0,0,1,1,0,"ICES WGBYC","ETP species-Annex 1 WGBYC_2025_DataCall_Species_per_Ecoregion list"
165,"D4","ES",2017,2025,"ICESArea","27.12~27.14","NatRouCF","ESP-IEO_P5_DCF_Onboard_Sampling","All","OTM_DEF_100-119_0_0","N","Vessel~Trip","N",NA,NA,"SO","SoPr",0,0,0,0,0,"ICES WGBYC","ETP species-Annex 1 WGBYC_2025_DataCall_Species_per_Ecoregion list"
166,"D4","ES",2017,2025,"ICESArea","27.1~27.2","NatRouCF","ESP-IEO_P5_DCF_Onboard_Sampling","All","OTM_DEF_100-119_0_0","N","Vessel~Trip","N",NA,NA,"SO","SoPr",0,0,0,0,0,"ICES WGBYC","ETP species-Annex 1 WGBYC_2025_DataCall_Species_per_Ecoregion list"
167,"D4","ES",2017,2025,"ICESArea","27.1~27.2","NatRouCF","ESP-IEO_P5_DCF_Onboard_Sampling","All","OTB_DEF_>=120_0_0","N","Vessel~Trip","N",NA,NA,"SO","SoPr",0,0,0,0,0,"ICES WGBYC","ETP species-Annex 1 WGBYC_2025_DataCall_Species_per_Ecoregion list"
168,"D4","ES",2017,2025,"ICESArea","27.8.c","NatRouCF","ESP-IEO_DCF_Onboard_Sampling","All","GNS_DEF_>=220_0_0","N","Vessel~Trip","N",NA,NA,"SO","SoPr",0,0,4,4,0,"ICES WGBYC","ETP species-Annex 1 WGBYC_2025_DataCall_Species_per_Ecoregion list. Criterion: ICES Advice 2024 
169,"D4","ES",2017,2025,"ICESArea","27.8.c~27.9.a","NatRouCF","ESP-IEO_DCF_Onboard_Sampling","All","GNS_DEF_90-99_0_0","N","Vessel~Trip","N",NA,NA,"SO","SoPr",0,0,4,3,0,"ICES WGBYC","ETP species-Annex 1 WGBYC_2025_DataCall_Species_per_Ecoregion list. Criterion: ICES Advice 2024 
170,"D4","ES",2017,2025,"ICESArea","27.8.c~27.9.a","NatRouCF","ESP-IEO_DCF_Onboard_Sampling","All","OTB_DEF_70-99_0_0","N","Vessel~Trip","N",NA,NA,"SO","SoPr",0,1,4,4,0,"ICES WGBYC","ETP species-Annex 1 WGBYC_2025_DataCall_Species_per_Ecoregion list. Criterion: ICES Advice 2024 
171,"D4","ES",2017,2025,"ICESArea","27.6~27.7","NatRouCF","ESP-IEO_DCF_Onboard_Sampling","All","OTB_DEF_70-99_0_0","N","Vessel~Trip","N",NA,NA,"SO","SoPr",0,1,4,4,0,"ICES WGBYC","ETP species-Annex 1 WGBYC_2025_DataCall_Species_per_Ecoregion list. Criterion: ICES Advice 2024 
172,"D4","ES",2017,2025,"ICESArea","27.9.a","NatRouCF","ESP-IEO_DCF_Onboard_Sampling","All","OTB_MCD_55-64_0_0","N","Vessel~Trip","N",NA,NA,"SO","SoPr",0,0,4,4,2,"ICES WGBYC","ETP species-Annex 1 WGBYC_2025_DataCall_Species_per_Ecoregion list. Criterion: ICES Advice 2024 
173,"D4","ES",2017,2025,"ICESArea","27.8.c~27.9.a","NatRouCF","ESP-IEO_DCF_Onboard_Sampling","All","OTB_MPD_55-64_0_0","N","Vessel~Trip","N",NA,NA,"SO","SoPr",0,0,4,4,0,"ICES WGBYC","ETP species-Annex 1 WGBYC_2025_DataCall_Species_per_Ecoregion list. Criterion: ICES Advice 2024 
174,"D4","ES",2017,2025,"ICESArea","27.8.c~27.9.a","NatRouCF","ESP-IEO_DCF_Onboard_Sampling","All","PTB_MPD_55-64_0_0","N","Vessel~Trip","N",NA,NA,"SO","SoPr",0,0,4,4,0,"ICES WGBYC","ETP species-Annex 1 WGBYC_2025_DataCall_Species_per_Ecoregion list. Criterion: ICES Advice 2024 
175,"D4","ES",2017,2017,"ICESArea","27.8.c~27.9.a","NatRouCF","ESP-IEO_DCF_Onboard_Sampling","All","GNS_DEF_60-69_0_0","N","Vessel~Trip","N",NA,NA,"SO","SoPr",0,0,4,0,0,"ICES WGBYC","ETP species-Annex 1 WGBYC_2025_DataCall_Species_per_Ecoregion list. Criterion: ICES Advice 2024 
176,"D4","ES",2017,2022,"ICESArea","27.9.a","NatRouCF","ESP-IEO_DCF_Onboard_Sampling","All","PS_SPF_>0_0_0","N","Vessel~Trip","N",NA,NA,"SO","SoPr",0,0,4,3,0,"ICES WGBYC","ETP species-Annex 1 WGBYC_2025_DataCall_Species_per_Ecoregion list. Criterion: ICES Advice 2024 
177,"D4","EE",2017,NA,"ICESArea","27.3.d","NatRouCF","EST_OnShoreCommercialCoastal","All","EST_GNS_FWS~EST_FPN_SPF~EST_FYK_FWS~EST_LLS_FWS~EST_SDN_DEF","N","Trip","N",NA,NA,"LB","Unknown",3,3,3,3,3,"Commission","There is census approach: registering bycatch is mandatory by the law for all fishermen and data are included in the Estonian Fisheries Information System"
178,"D4","EE",2017,NA,"ICESArea","27.3.d","NatRouCF","EST_OnShoreCommercialPelagic","All","EST_OTM_SPF","N","VesselxWeek","N",NA,NA,"LB","Unknown",0,0,0,0,0,"Commission",NA
179,"D4","EE",2017,NA,"ICESArea","27.3.d","NatRouCF","EST_OnShoreCommercialPelagicGOR","All","EST_OTM_SPF","N","VesselxWeek","N",NA,NA,"LB","Unknown",0,0,0,0,0,"Commission",NA
180,"D4","EE",2017,NA,"ICESArea","27.1.a~27.1.b~27.2.b~27.14.b","NatRouCF","EST_AtSeaCommercialNEAFC","All","EST_OTB_CRU","N","Trip","N",NA,NA,"SO","Unknown",0,0,0,0,0,"Commission",NA
181,"D4","FR",2017,2019,"GFCM GSAs","GSA 8","NatRouCF","FRA_DACOR","All","LLD~LLS~LTL~FPO~GTR~GNS~GND","Y","VesselxTrip","Y","Small vessel size~Vessel space limitation","VL0812","SO","SoPrDrSlOt",0,0,0,0,0,"GFCM~MSFD~NGO's~UE commission~Dedicated projects use~National use~Others","Institute in charge : OEC
The vessels less than 7 m long are excluded from this sampling scheme (not less than 8m)"
182,"D4","FR",2020,NA,"GFCM GSAs","GSA 8","NatRouCF","FRA_CF-DCF","All","LLD~LLS~LTL~FPO~GTR~GNS~GND","Y","VesselxTrip","Y","Vessel space limitation","VL0008~VL0812","SO~PO","SoPrDrSlOt",0,0,0,0,0,"GFCM~MSFD~NGO's~UE commission~Dedicated projects use~National use~Others","Institute in charge : OEC
The two sampling schemes (DACOR and CF-DCF) follow the same basic protocol for monitoring small-scale coastal fisheries in Corsica. From 2022 (NWP 2022-2024), CF-DCF monitoring has been expanded to include sampling vessels that are too small (less than 7m long) for on-board monitoring through shore-based monitoring."
183,"D4","FR",2002,NA,"ICESArea","27","NatRouCF","FRA_ObsMer","All","FPO~GN~GNC~GND~GNS~GTN~GTR~LH~LHM~LHP~LLD~LLS~LTL~LX~OTB~OTM~OTT~PS~PTB~PTM~SDN~SSC~TBB","Y","VesselxTrip","Y","Small vessel size","VL0612~VL1215~VL15XX","SO","SoPrDrSlOt",2,2,2,2,2,"Academia~Accreditation schemes~Dedicated projects use~EU Commission~Fishing industry~GFCM~ICES WGBYC~MSFD~National use~NGO's~OSPAR","Institute in charge : Ifremer
Vessels under 5m are very unlikely to be sampled and vessels over 50m are not covered by ObsMer but by self-sampling. 
Difficult to grade the importance relative to other fisheries, because ObsMer  focuses on almost every fisheries in mainland France (except Corsica - see FRA_CF-DCF)."
184,"D4","FR",2002,NA,"GFCM GSAs","GSA 7","NatRouCF","FRA_ObsMer","All","FPO~GN~GNC~GND~GNS~GTN~GTR~LH~LHM~LHP~LLD~LLS~LTL~LX~OTB~OTM~OTT~PTB~PTM","Y","VesselxTrip","Y","Small vessel size","VL0612~VL1215~VL15XX","SO","SoPrDrSlOt",2,2,2,2,2,"Academia~Accreditation schemes~Dedicated projects use~EU Commission~Fishing industry~GFCM~ICES WGBYC~MSFD~National use~NGO's~OSPAR","Institute in charge : Ifremer
Vessels under 5m are very unlikely to be sampled. Mediterranean tuna purse-seiners are not covered by ObsMer, they have a dedicated sampling program.
Difficult to grade the importance relative to other fisheries, because ObsMer  focuses on almost every fisheries in mainland France (except Corsica - see FRA_CF-DCF)."
185,"D4","FR",2018,NA,"ICESArea","27.8","NatRouIB","FRA_ObsMer_SurEch","All","GN~GNC~GND~GNS~GTN~GTR~OTM~PS~PTM~SDN","Y","VesselxTrip","Y","Small vessel size","VL0612~VL1215~VL15XX","SO","SoPrDrSlOt",2,4,2,2,2,"Academia~Accreditation schemes~Dedicated projects use~EU Commission~Fishing industry~GFCM~ICES WGBYC~MSFD~National use~NGO's~OSPAR","Institute in charge : Ifremer
ObsMer ""oversampling"" program dedicated to small cetaceans bycatch in the Bay of Biscay : additional sampling effort is put on fisheries ar-risk (gillnetters, pelagic trawlers)
Winter sampling (december-april)"
186,"D4","FR",1984,NA,"ICESArea","27","NatRouCF","FRA_ObsVentes","Elasmobranchs~Fish","FPO~GN~GNC~GND~GNS~GTN~GTR~LH~LHM~LHP~LLD~LLS~LTL~LX~OTB~OTM~OTT~PS~PTB~PTM~SDN~SSC~TBB","Y","LandingSitexDay","Y","Inaccessible port","VL0015~VL15XX","PO","So",0,0,3,3,0,"Academia~Accreditation schemes~Dedicated projects use~EU Commission~Fishing industry~GFCM~ICES WGBYC~MSFD~National use~NGO's~OSPAR","Institute in charge : Ifremer
ObsVentes is an on-shore sampling program that only collects data on landings.
An increased focus is put on landed PETS fish and elasmobranchs"
187,"D4","FR",1984,NA,"GFCM GSAs","GSA 7","NatRouCF","FRA_ObsVentes","Elasmobranchs~Fish","FPO~GN~GNC~GND~GNS~GTN~GTR~LH~LHM~LHP~LLD~LLS~LTL~LX~OTB~OTM~OTT~PS~PTB~PTM~SDN~SSC~TBB","Y","LandingSitexDay","Y","Inaccessible port","VL0015~VL15XX","PO","So",0,0,3,3,0,"Academia~Accreditation schemes~Dedicated projects use~EU Commission~Fishing industry~GFCM~ICES WGBYC~MSFD~National use~NGO's~OSPAR","Institute in charge : Ifremer
ObsVentes is an on-shore sampling program that only collects data on landings.
An increased focus is put on landed PETS fish and elasmobranchs"
188,"D4","FR",2021,2023,"ICESArea","27.8","NatPilIB","FRA_OBSCAMe","ProtectedSpecies","GN~GNC~GND~GNS~GTN~GTR","Y","Vessel","Y","Small vessel size~Vessel space limitation~Low fishing effort","VL0612~VL1218~VL1824~VL2440
","EM","PrDr",2,4,2,2,2,"Dedicated projects use~EU Commission~Fishing industry~ICES WGBYC~National use~Academia","Institute in charge : OFB
OBSCAMe is a pilot project aiming to test implementation of cameras on board vessels to observe cetaceans bycatch. It was realized on 5 followed by 20 voluntary vessels. 
Other protected species are observed (birds, elasmobranchs, turtles and amphihalin fishes) but this data is not shared actually with end-users. The vessels range in size from 7.70 to 27.50 meters."
189,"D4","FR",2023,NA,"ICESArea","27.8","NatRouIB","FRA_OBSCAMe+","ProtectedSpecies","GN~GNC~GND~GNS~GTN~GTR~PTM","N","Vessel","Y","Small vessel size~Vessel space limitation~Low fishing effort","VL0612~VL1218~VL1824~VL2440
","EM","PrDr",2,4,2,2,2,"Dedicated projects use~EU Commission~Fishing industry~ICES WGBYC~National use","Institute in charge : OFB
OBSCAME+ is the continuation of the OBSCAMe project. Unlike OBSCAMe, vessels were designated and participation is mandatory. Other protected species are observed (birds, elasmobranchs, turtles and amphihalin fishes), this data is collected voluntarily on part of vessels as for now (Equipment phase in progress). The vessels range in size from 7.70 to 27.50 meters."
190,"D4","FR",2021,2022,"ICESArea","27.8.a","NatPilIB","FRA_CARI3P_Yeu_MorBraz","All","LLD~LLS","Y","VesselxTrip","N",NA,"VL0015~VL15XX","SO","SoPrDrSlOt",4,2,2,2,2,"Dedicated projects use~National use","Institute in charge : OFB
Sampling project dedicated to Balearic shearwater (Puffinus mauretanicus) bycatch
Sampling took place between june and october for both years"
191,"D4","FR",2021,2022,"GFCM GSAs","GSA 7","NatPilIB","FRA_CARI3P_GolfeLion","All","LLD~LLS","Y","VesselxTrip","N",NA,"VL0015~VL15XX","SO","SoPrDrSlOt",4,2,2,2,2,"Dedicated projects use~National use","Institute in charge : OFB
Sampling project dedicated to Balearic shearwater (Puffinus mauretanicus) bycatch
Sampling took place between april and june for both years"
192,"D4","FR",2022,2023,"ICESArea","27.8.b","NatPilIB","FRA_CARI3P_LittoralBascoLandais","All","GN~GNC~GND~GNS~GTN~GTR~LLD~LLS~PS","Y","VesselxTrip","N",NA,"VL0015~VL15XX","SO","SoPrDrSlOt",4,2,2,2,2,"Dedicated projects use~National use","Institute in charge : OFB
Sampling project dedicated to Balearic shearwater (Puffinus mauretanicus) bycatch
Sampling took place between july and november for both years"
193,"D4","FR",2022,2023,"ICESArea","27.8.a~27.8.b","NatPilIB","FRA_ARPEGI","All","GN~GNC~GND~GNS~GTN~GTR~LLD~LLS~OTB","Y","VesselxTrip","N",NA,"VL0015~VL15XX","SO","SoPrDrSlOt",3,3,2,2,2,"Dedicated projects use~National use","Institute in charge : OFB
Sampling project dedicated to analysing the risks associated with fishing in the PNMEGMP marine natural park"
194,"D4","FR",2010,NA,"ICESArea","27.7.e~27.7.h~27.8.a","NatRouCF","FRA_PNMI_PP","All","FPO~GNS~GTR~LHM~LHP~LLS~LTL~OTB~PS","Y","VesselxTrip","N",NA,"VL0612~VL1218~VL1824","SO","SoPrDrSlOt",2,2,2,2,2,"Academia~Accreditation schemes~Dedicated projects use~EU Commission~Fishing industry~ICES WGBYC~MSFD~National use~NGO's~OSPAR","Institute in charge : OFB"
195,"D4","FR",2021,2022,"ICESArea","27.7.e~27.7.h~27.8.a","NatPilCF","FRA_PNMI_SurEch","All","FPO~GNS~GTR~LHM~LHP~LLS~LTL~OTB~PS","Y","VesselxTrip","N",NA,"VL0612~VL1218~VL1824","SO","SoPrDrSlOt",2,2,2,2,2,"Academia~Accreditation schemes~Dedicated projects use~EU Commission~Fishing industry~ICES WGBYC~MSFD~National use~NGO's~OSPAR","Institute in charge : OFB
""Oversampling"" program taking place every 6 years or so"
196,"D4","FR",2022,2023,"ICESArea","27.7.e~27.7.h~27.8.a","NatPilCF","FRA_PNMI_ARPI","All","FPO~GNS~GTR~LHM~LHP~LLS~LTL","Y","VesselxTrip","N",NA,"VL0612~VL1218~VL1824","SO","SoPrDrSlOt",2,2,2,2,2,"Academia~Accreditation schemes~Dedicated projects use~EU Commission~Fishing industry~ICES WGBYC~MSFD~National use~NGO's~OSPAR","Institute in charge : OFB
Sampling project dedicated to analysing the risks associated with fishing in the PNMI marine natural park"
197,"D4","FR",2024,2027,"ICESArea","27.4.c~27.7.d~27.7.e~27.7.h~27.8.a~27.8.b~27.8.c~27.8.d~GSA07","NatPilIB","FRA_FEAMPA-ARP","All","FPO~GN~GNC~GND~GNS~GTN~GTR~LH~LHM~LHP~LLD~LLS~LTL~LX~OTB~OTM~OTT~PTB~PTM","Y","VesselxTrip","N",NA,"VL0015~VL15XX","SO","SoPrDrSlOt",4,4,4,1,4,"Academia~Accreditation schemes~Dedicated projects use~EU Commission~Fishing industry~GFCM~ICES WGBYC~MSFD~National use~NGO's~OSPAR","Institute in charge : OFB
Sampling project dedicated to analysing the risks associated with fishing along all French metropolitan coastlines on marine mammal, seabird, sea turtle, and diadromous fish species. Other PETS species are observed (elasmobranchs), but only to a limited extent."
198,"D4","FR",2024,2027,"GFCM GSAs","GSA 7~GSA 8","NatPilIB","FRA_FEAMPA-ARP","All","FPO~GN~GNC~GND~GNS~GTN~GTR~LH~LHM~LHP~LLD~LLS~LTL~LX~OTB~OTM~OTT~PTB~PTM","Y","VesselxTrip","N",NA,"VL0015~VL15XX","SO","SoPrDrSlOt",4,4,4,1,4,"Academia~Accreditation schemes~Dedicated projects use~EU Commission~Fishing industry~GFCM~ICES WGBYC~MSFD~National use~NGO's~OSPAR","Institute in charge : OFB
Sampling project dedicated to analysing the risks associated with fishing along all French metropolitan coastlines on marine mammal, seabird, sea turtle, and diadromous fish species. Other PETS species are observed (elasmobranchs), but only to a limited extent."
199,"D4","FR",2025,2027,"ICESArea","27.4.c~27.7.d~27.7.e~27.7.h~27.8.a~27.8.b~27.8.c~27.8.d~GSA07","NatPilIB","FRA_LIFE-EMM","All","GN~GNC~GND~GNS~GTN~GTR~LH~LHM~LHP~LLD~LLS~LTL~LX~OTB~OTM~OTT~PTB~PTM","Y","VesselxTrip","N",NA,"VL0015~VL15XX","SO","SoPrDrSlOt",4,4,1,4,4,"Academia~Accreditation schemes~Dedicated projects use~EU Commission~Fishing industry~GFCM~ICES WGBYC~MSFD~National use~NGO's~OSPAR","Institute in charge : OFB
Sampling project dedicated to reduce the main causes of mortality for 23 protected or vulnerable species along metropolitan coastlines: mortality in fishing gear, sources of disturbance, and loss and degradation of functional habitats. With regards to reduction of accidental bycatch, devices or alternative fishing practices will be tested, from 2025 to 2027, on-board approximately 70 fishing vessels."
200,"D4","FR",2025,2027,"GFCM GSAs","GSA 7~GSA 8","NatPilIB","FRA_LIFE-EMM","All","GN~GNC~GND~GNS~GTN~GTR~LH~LHM~LHP~LLD~LLS~LTL~LX~OTB~OTM~OTT~PTB~PTM","Y","VesselxTrip","N",NA,"VL0015~VL15XX","SO","SoPrDrSlOt",4,4,1,4,4,"Academia~Accreditation schemes~Dedicated projects use~EU Commission~Fishing industry~GFCM~ICES WGBYC~MSFD~National use~NGO's~OSPAR","Institute in charge : OFB
Sampling project dedicated to reduce the main causes of mortality for 23 protected or vulnerable species along metropolitan coastlines: mortality in fishing gear, sources of disturbance, and loss and degradation of functional habitats. With regards to reduction of accidental bycatch, devices or alternative fishing practices will be tested, from 2025 to 2027, on-board approximately 70 fishing vessels."
201,"D4","FR",2012,NA,"ICESArea","27","NatRouCF","FRA_EOS","Elasmobranchs","FPO~GN~GNC~GND~GNS~GTN~GTR~LH~LHM~LHP~LLD~LLS~LTL~LX~OTB~OTM~OTT~PS~PTB~PTM~SDN~SSC~TBB","Y","LandingSitexDay","Y","Inaccessible port","VL0015~VL15XX","PO","So",0,0,0,4,0,"Academia~Accreditation schemes~Dedicated projects use~EU Commission~Fishing industry~GFCM~ICES WGBYC~MSFD~National use~NGO's~OSPAR","Institute in charge : MNHN
Prior to 2017, no selection in auction was made. 
Since 2018, the survey occurs in a selection of 10 auctions. Selection is based on the total landings of elasmobranch in the auctionx as well as allowing a coherent geographical coverage of the fleet along the French coast from the middle of the Bay pf Biscay to the Eastern Channel.
"
202,"D4","PT",2017,2024,"ICESArea","27.9.a","NatRouCF","PT-Mainland-At-Sea-27.9.a","All","GNS_GTR_DEF","V","Fishing Trip","Y","Small vessel size","VL1218~VL1824","SO","SoPrDr",3,3,0,3,1,"ICES WGBYC",NA
203,"D4","PT",2017,2024,"ICESArea","27.9.a","NatRouCF","PT-Mainland-At-Sea-27.9.a","All","LLS_DWS","V","Fishing Trip","Y","Small vessel size","VL1218~VL1824","SO","SoPrDr",1,1,0,3,0,"ICES WGBYC",NA
204,"D4","PT",2017,2024,"ICESArea","27.9.a","NatRouCF","PT-Mainland-At-Sea-27.9.a","All","OTB_DEF","V","Fishing Trip","Y","Small vessel size","VL1824~VL2440","SO","SoPrDr",1,1,0,2,1,"ICES WGBYC",NA
205,"D4","PT",2017,2024,"ICESArea","27.9.a","NatRouCF","PT-Mainland-At-Sea-27.9.a","All","OTB_CRU","V","Fishing Trip","Y","Small vessel size","VL1218~VL1824~VL2440","SO","SoPrDr",1,1,0,3,1,"ICES WGBYC",NA
206,"D4","PT",2017,2024,"ICESArea","27.9.a","NatRouCF","PT-Mainland-At-Sea-27.9.a","All","PS_SPF","V","Fishing Trip","Y","Small vessel size","VL1218~VL1824~VL2440","SO","SoPrDrSl",2,3,0,1,1,"ICES WGBYC",NA
207,"D4","PT",2017,2024,"ICESArea","27.9.a","NatRouCF","PT-Mainland-At-Sea-27.9.a","All","TBB_MCD","V","Fishing Trip","Y","Small vessel size","VL0010~VL1012","SO","SoPrDr",0,0,0,1,0,"ICES WGBYC",NA
208,"D4","PT",2018,2023,"ICESArea","27.9.a","ResProIB","CCMAR_AtSeaObserver_GNS_GTR_DEF","ProtectedSpecies","GNS_GTR_DEF","V","Fishing Trip","N",NA,"VL0010~VL1012~VL1215","SO","SoPrDr",3,3,0,3,1,"ICES WGBYC",NA
209,"D4","PT",2018,2023,"ICESArea","27.9.a","ResProIB","CCMAR_AtSeaObserver_PS_SPF","ProtectedSpecies","PS_SPF","V","Fishing Trip","N",NA,"VL1824","SO","SoPrDrSl",2,3,0,1,1,"ICES WGBYC",NA
210,"D4","PT",2024,2024,"ICESArea","27.9.a","ResProIB","CCMAR_AtSeaObserver_LLS_DEF","ProtectedSpecies","LLS_DEF","V","Fishing Trip","N",NA,"VL0010","SO","SoPrDr",3,0,0,2,1,"ICES WGBYC",NA
211,"D4","PT",2024,2024,"ICESArea","27.9.a","ResProIB","CCMAR_AtSeaObserver_FPO","ProtectedSpecies","LLS_MOL","V","Fishing Trip","N",NA,"VL1012~VL1215","SO","SoPrDr",0,1,0,0,1,"ICES WGBYC",NA
212,"D4","PT",2019,2022,"ICESArea","27.9.a","ResProIB","CCMAR_VesselCrewObserver_GNS_GTR_DEF","ProtectedSpecies","GNS_GTR_DEF","V","Fishing Trip","N",NA,"VL0010~VL1012~VL1215","VO","SoPrDr",3,3,0,3,1,"ICES WGBYC",NA
213,"D4","PT",2020,2021,"ICESArea","27.9.a","ResProIB","CCMAR_VesselCrewObserver_PS_SPF","ProtectedSpecies","PS_SPF","V","Fishing Trip","N",NA,"VL1824","VO","SoPrDrSl",2,3,0,1,1,"ICES WGBYC",NA
214,"D4","PT",2017,2024,"ICESArea","27.9.a","ResProIB","SPEA_AtSeaObserver_GNS_GTR_DEF","ProtectedSpecies","GNS_GTR_DEF","V","Fishing Trip","Y","Uncooperative vessel~Vessel space limitation",NA,"SO","SoPrDr",3,3,0,3,1,"ICES WGBYC",NA
215,"D4","PT",2019,2019,"ICESArea","27.9.a","ResProIB","SPEA_AtSeaObserver_LLS_DWS","ProtectedSpecies","LLS_DWS","V","Fishing Trip","Y","Uncooperative vessel~Vessel space limitation",NA,"SO","SoPrDr",1,1,0,3,0,"ICES WGBYC",NA
216,"D4","PT",2017,2024,"ICESArea","27.9.a","ResProIB","SPEA_AtSeaObserver_PS_SPF","ProtectedSpecies","PS_SPF","V","Fishing Trip","Y","Uncooperative vessel",NA,"SO","SoPrDrSl",2,3,0,1,1,"ICES WGBYC",NA
217,"D4","PT",2017,2022,"ICESArea","27.9.a","ResProIB","SPEA_AtSeaObserver_LLS_DEF","ProtectedSpecies","LLS_DEF","V","Fishing Trip","Y","Uncooperative vessel~Vessel space limitation",NA,"SO","SoPrDr",3,0,0,2,1,"ICES WGBYC",NA
218,"D4","PT",2017,2024,"ICESArea","27.9.a","ResProIB","SPEA_PortObserver_GNS_GTR_DEF","ProtectedSpecies","GNS_GTR_DEF","V","Fishing Trip","Y","Uncooperative vessel",NA,"PO","SoPrDr",3,3,0,3,1,"ICES WGBYC",NA
219,"D4","PT",2017,2018,"ICESArea","27.9.a","ResProIB","SPEA_PortObserver_LLS_DWS","ProtectedSpecies","LLS_DWS","V","Fishing Trip","Y","Uncooperative vessel",NA,"PO","SoPrDr",1,1,0,3,0,"ICES WGBYC",NA
220,"D4","PT",2017,2024,"ICESArea","27.9.a","ResProIB","SPEA_PortObserver_OTB_DEF","ProtectedSpecies","OTB_DEF","V","Fishing Trip","Y","Uncooperative vessel",NA,"PO","SoPrDr",1,1,0,2,1,"ICES WGBYC",NA
221,"D4","PT",2021,2022,"ICESArea","27.9.a","ResProIB","SPEA_PortObserver_OTB_CRU","ProtectedSpecies","OTB_CRU","V","Fishing Trip","Y","Uncooperative vessel",NA,"PO","SoPrDr",1,1,0,3,1,"ICES WGBYC",NA
222,"D4","PT",2017,2024,"ICESArea","27.9.a","ResProIB","SPEA_PortObserver_PS_SPF","ProtectedSpecies","PS_SPF","V","Fishing Trip","Y","Uncooperative vessel",NA,"PO","SoPrDrSl",2,3,0,1,1,"ICES WGBYC",NA
223,"D4","PT",2017,2022,"ICESArea","27.9.a","ResProIB","SPEA_PortObserver_LLS_DEF","ProtectedSpecies","LLS_DEF","V","Fishing Trip","Y","Uncooperative vessel",NA,"PO","SoPrDr",3,0,0,2,1,"ICES WGBYC",NA
224,"D4","PT",2018,2024,"ICESArea","27.9.a","ResProIB","SPEA_VesselCrewObservers_GNS_GTR_DEF","ProtectedSpecies","GNS_GTR_DEF","V","Fishing Trip","Y","Uncooperative vessel",NA,"PO","SoPrDr",3,3,0,3,1,"ICES WGBYC",NA
225,"D4","PT",2018,2021,"ICESArea","27.9.a","ResProIB","SPEA_VesselCrewObservers_LLS_DEF","ProtectedSpecies","LLS_DEF","V","Fishing Trip","Y","Uncooperative vessel",NA,"PO","SoPrDr",3,0,0,2,1,"ICES WGBYC",NA
226,"D4","PT",2022,2024,"ICESArea","27.9.a","ResProIB","SPEA_VesselCrewObservers_PS_SPF","ProtectedSpecies","PS_SPF","V","Fishing Trip","Y","Uncooperative vessel",NA,"PO","SoPrDr",2,3,0,1,1,"ICES WGBYC",NA
227,"D4","PT",2018,2022,"ICESArea","27.9.a","ResProIB","IPMA_AtSeaObserver_SB","Mammals","SB","V","Fishing Trip","No","No","VL010~VL1012","SO","SoPrDr",1,3,0,1,0,"ICES WGBYC",NA
228,"D4","PT",2017,2024,"ICESArea","27.9.a","ResProIB","IPMA_UnivCoimbra_AtSeaObserver_SB","Mammals","SB","V","Fishing Trip","No","No","VL0010~VL1012","SO","SoPrDr",1,3,0,1,0,"ICES WGBYC",NA
229,"D4","PT",2021,2022,"ICESArea","27.9.a","ResProIB","IPMA_AtSeaObserver_FPO","ProtectedSpecies","FPO","V","Fishing Trip","No","No","VL0010","SO","SoPrDr",0,1,0,0,1,"ICES WGBYC",NA
230,"D4","FI",2017,2025,"ICESArea","27.3.d","NatRouCF","FI_L3FIX_PO","All","L3FIX","N","Trip~Vessel","N",NA,NA,"PO","So",2,1,1,0,0,"Commission","Includes sampling Schemes in FIN DCF Program: On shore sampling program targeting trap-net fishery of herring, On shore sampling program targeting coastal gillnet and trap-net fishery of perch, pikeperch and whitefish"
231,"D4","FI",2020,2025,"ICESArea","27.3.d","NatRouCF","FI_L3FIX_SO","ProtectedSpecies","L3FIX","N","Trip~Vessel","N",NA,NA,"SO","DrSlOt",2,1,1,0,0,"Commission","Sampling Scheme in FIN DCF Program: On shore sampling program targeting trap-net fishery of herring"
232,"D4","FI",2017,2025,"ICESArea","27.3.d","NatRouCF","FI_L3GN_PO","All","L3GN","N","Trip~Vessel","N",NA,NA,"PO","DrSlOt",2,1,1,0,0,"Commission","Sampling Scheme in FIN DCF Program: On shore sampling program targeting coastal gillnet and trap-net fishery of perch, pikeperch and whitefish"
233,"D4","FI",2017,2025,"ICESArea","27.3.d","NatRouCF","FI_L3PT_PO","All","L3PT","N","Trip~Vessel","N",NA,NA,"PO","So",2,1,1,0,0,"Commission","Includes samplingSchemes in FIN DCF: On shore sampling  targeting pelagic trawl fishery of herring & sprat and vendace, On shore sampling targeting pelagic trawl fishery of herring and sprat in SD's 30-31, Baltic SPF regional"
234,"D4","FI",2020,2025,"ICESArea","27.3.d","NatRouCF","FI_L3PT_SO","ProtectedSpecies","L3PT","N","Trip~Vessel","N",NA,NA,"SO","So",2,1,1,0,0,"Commission","Includes samplingSchemes in FIN DCF: On shore sampling  targeting pelagic trawl fishery of herring & sprat and vendace, On shore sampling targeting pelagic trawl fishery of herring and sprat in SD's 30-31, Baltic SPF regional"
235,"D4","FI",2025,2025,"ICESArea","27.3.d","NatRouCF","FI_L3PT_EM","ProtectedSpecies","L3PT","N","Trip~Vessel","N",NA,NA,"EM","DrSlOt",2,1,1,0,0,"Commission","Pilot study in FIN DCF WP 2025-2027."
236,"D4","DK",2017,2025,"ICESArea","27.3.c.22~27.3.d.24~27.3.d.25~27.3.a.20~27.3.a.21~27.4.b~27.4.a","NatRouCF","DNK_AtSea_Observer_Active","All","OTB_DEF~OTB_MCD~TBB_CRU_16-31_0_0~OTB_CRU~SDN_DEF~OTB_CRU_32-69_0_0~SSC_DEF","N","Trip","Y","Small vessel size~Low fishing effort~Vessel space limitation","NK","VO","So",1,1,3,3,0,"EU Commission",NA
237,"D4","DK",2017,2025,"ICESArea","27.3.d.25~27.3.d.24~27.3.a.20~27.4.b~27.4.a~27.3.b.23~27.3.c.22~27.3.a.21","NatRouCF","DNK_AtSea_Observer_Passive","All","LLS~GNS","N","Trip","Y","Small vessel size~Low fishing effort~Vessel space limitation","NK","VO","So",4,4,3,3,0,"EU Commission",NA
238,"D4","DK",2010,NA,"ICESArea","27.4.a~27.4.b~27.4.c~27.3.a.20~27.3.a.21~27.3.b.23~27.3.c.22","NatRouCF","DNK_EM_PETS_sampling","ProtectedSpecies","GN","Y","Vessel","Y","Uncooperative vessel",NA,"EM","SoPrDrOt",4,4,1,2,0,"ICES WGBYC",NA
239,"D4","HRV",2017,2025,"GFCM_GSAs","17","NatRouCF","HRV_PETS_SO_AT_SEA","All","GEN_DEF~LLS_DEF~PS_LPF_BFT~LLD_LPF_SWO~LHP_LPF_BFT_SWO~OTB_DEF~PS_SPF~DRB_MOL~PS_LPF_BFT","N","Trip~Vessel","N",NA,NA,"SO","SoPrDrSlOt",1,0,3,2,1,"National use~EU Commission~GFCM~ICES WGBYC~Other","Dedicated PETS scientific observers at sea. Information on PartObserved is included as provisional, the codes are not usually used in our database."
240,"D4","HRV",2022,2025,"GFCM_GSAs","17","NatPilIB","HRV_PETS_CAM","ProtectedSpecies","OTB_DEF","N","Trip~Vessel","N",NA,NA,"EM","PrDrOt",1,0,3,2,1,"National use~EU Commission~GFCM~ICES WGBYC~Other","National pilot REM/EM programme (self-sampling by fishers, footage analysed by scientific observers)"
241,"D4","HRV",2017,2025,"GFCM_GSAs","17","NatRouCF","HRV_PETS_SO_ON_SHORE","All","GEN_DEF~LLS_DEF~PS_LPF_BFT~LLD_LPF_SWO~LHP_LPF_BFT_SWO~OTB_DEF~PS_SPF~DRB_MOL~PS_LPF_BFT","N","Trip~Vessel","N",NA,NA,"PO","Ot",1,0,3,2,1,"National use~EU Commission~GFCM~ICES WGBYC~Other","On-shore scientific sampling at landing sites, including structured interviews and bycatch reporting. For PS_LPF_BFT only BFT mortality sampling at shore."
242,"D4","HRV",2022,2025,"GFCM_GSAs","17","NatRouIB","HRV_PETS_OTH","ProtectedSpecies","GEN_DEF~LLS_DEF~LLD_LPF_SWO~LHP_LPF_BFT_SWO~OTB_DEF~PS_SPF~DRB_MOL","N","Trip~Vessel","N",NA,NA,"OTH","Ot",1,0,3,2,1,"National use~EU Commission~GFCM~ICES WGBYC~Other","Interviews and questionnaires conducted by scientific observers on-shore to collect PETS interaction information"
243,"D4","HRV",2022,2024,"GFCM_GSAs","17","RegRouCF","HRV_ROP-NO","All","PS_LPF_BFT","N","Trip~Vessel","N",NA,NA,"SO","SoPrDrSlOt",1,0,3,2,1,"National use~EU Commission~GFCM~ICES WGBYC~Other","Analysis of bycatch data from ICCAT Regional Observer Programme (=ROP) and ICCAT National Observers (=NO) on purse seiners/towing vessels for Bluefin tuna."
244,"D4","HRV",2017,2021,"GFCM_GSAs","17","NatRouCF","HRV_SC","All","PS_LPF_BFT","N","Trip~Vessel","N",NA,NA,"EM","SlDrOt",0,0,3,0,1,"National use~EU Commission~GFCM~ICES WGBYC~Other","Stereo-camera monitoring on purse seiners for Bluefin tuna (stereoscopic camera video recordings analysed by scientific observers)"
